"","x"
"1","A2MKY58OO80BKM"
"2","ALEJV7D94ZLHF"
"3","APB2WO5F0WKDH"
"4","A2OLVF6P86QSQJ"
"5","A1MVTIK9COJC"
"6","A2R8VDKL2D2BF6"
"7","A2HW5LMIPXDVO5"
"8","A31A4YKVSOYRVS"
"9","A1LRJ2MQD4AMES"
"10","A1D0C0LV5259S6"
"11","A28JBL1JE3E33T"
"12","A207IHY6GERCFO"
"13","AE6Z9DDYUCLKN"
"14","A2KD1OZMH8ERI7"
"15","A3GKAU1WVJEWM"
"16","AEVU71Z2FDTUX"
"17","AOZMBH3OIDCG0"
"18","A4E1UYPDHE8D8"
"19","A395MYCA9M7KGF"
"20","A3OGXVZ41XKHBV"
"21","A20QZAISR4DREU"
"22","A1DJDT4B5B19Q2"
"23","AOW8XHXW76DSF"
"24","A166A2M31CW2C7"
"25","A15C96Z8TZEV6D"
"26","A18RDBJFY3QWZL"
"27","A2HZSG2OHU7O8P"
"28","A1RH5GVN7GCGTL"
"29","A3OV174HQJIJK8"
"30","A2SYRFPPV9WDEG"
"31","A14HW8I4RYHNC4"
"32","A2NO4F8PE0K35W"
"33","AHO3FHQL3R46R"
"34","AJ53IRY8SC840"
"35","A2RMJNF6IPI42F"
